Cores,Performance,Loop
2,20612.068,20.9586
4,39410.174,10.9616
8,75059.240,5.75545
16,142873.808,3.02365